{"cameraMode":{"drawMode":0,"name":"Shaded","section":"Shading Mode"},"sceneLighting":true,"audioPlay":false,"sceneViewState":{"m_AlwaysRefresh":false,"showFog":true,"showSkybox":true,"showFlares":true,"showImageEffects":true,"showParticleSystems":true,"showVisualEffectGraphs":true,"m_FxEnabled":true},"in2DMode":false,"pivot":{"x":-10.471181869506836,"y":-6.9770989418029789,"z":-2.1227011680603029},"rotation":{"x":0.27169838547706606,"y":-0.5113579630851746,"z":0.17377138137817384,"w":0.7968277931213379},"size":13.181921005249024,"orthographic":false}