{"cameraMode":{"drawMode":0,"name":"Shaded","section":"Shading Mode"},"sceneLighting":true,"audioPlay":false,"sceneViewState":{"m_AlwaysRefresh":false,"showFog":true,"showSkybox":true,"showFlares":true,"showImageEffects":true,"showParticleSystems":true,"showVisualEffectGraphs":true,"m_FxEnabled":true},"in2DMode":false,"pivot":{"x":-1.0678908824920655,"y":7.788239479064941,"z":18.772226333618165},"rotation":{"x":0.23247627913951875,"y":-0.7333869338035584,"z":0.30137819051742556,"w":0.563969612121582},"size":2.1635847091674806,"orthographic":false}